{
  "patient": [
    {
      "id": 1,
      "name": "Siffre",
      "age": "Timmes",
      "address": "stimmes0@nasa.gov"
    },
    {
      "id": 2,
      "name": "Fonzie",
      "age": "Coggen",
      "address": "fcoggen1@weather.com"
    },
    {
      "id": 3,
      "name": "Shell",
      "age": "Kos",
      "address": "skos2@prweb.com"
    },
    {
      "id": 4,
      "name": "Matthiew",
      "age": "Rasell",
      "address": "mrasell3@oaic.gov.au"
    },
    {
      "id": 5,
      "name": "Phillipe",
      "age": "Sedgwick",
      "address": "psedgwick4@sciencedirect.com"
    },
    {
      "id": 6,
      "name": "Lammond",
      "age": "Urion",
      "address": "lurion5@statcounter.com"
    },
    {
      "id": 7,
      "name": "Jeanine",
      "age": "Wicks",
      "address": "jwicks6@opera.com"
    },
    {
      "id": 8,
      "name": "Jemimah",
      "age": "Leisk",
      "address": "jleisk7@t.co"
    },
    {
      "id": 9,
      "name": "Rania",
      "age": "Ibeson",
      "address": "ribeson8@smugmug.com"
    },
    {
      "id": 10,
      "name": "Cathleen",
      "age": "Totterdell",
      "address": "ctotterdell9@washingtonpost.com"
    },
    {
      "id": 11,
      "name": "Guthrey",
      "age": "Iron",
      "address": "girona@infoseek.co.jp"
    },
    {
      "id": 12,
      "name": "Hale",
      "age": "Sorey",
      "address": "hsoreyb@epa.gov"
    },
    {
      "id": 13,
      "name": "Trey",
      "age": "Yatman",
      "address": "tyatmanc@amazon.de"
    }
  ]
}
