{
  "patient": [
    {
      "id": "1",
      "name": "A1 Patient Name",
      "age": 11,
      "address": "11 AA",
      "createdon": "2020-01-01T00:01:01",
      "defuncton": "2020-01-01T00:02:02",
      "medicalhistoryList": [
        {
          "id": 1,
          "patientList": 1,
          "description": "Patient 1 Description 1",
          "visitdate": "2020-02-02T00:10:10"
        },
        {
          "id": 2,
          "patientList": 1,
          "description": "Patient 1 Description 2",
          "visitdate": "2025-05-15T20:43:07"
        }
      ]
    },
    {
      "id": "2",
      "name": "A2 Patient Name",
      "age": 12,
      "address": "A2 Patient Address",
      "createdon": "2009-09-09T00:01:01",
      "defuncton": "2040-09-09T00:02:02",
      "medicalhistoryList": [
        {
          "id": 4,
          "patientList": 2,
          "description": "Patient 2 Description 11",
          "visitdate": "2010-10-10T10:03:01"
        },
        {
          "id": 5,
          "patientList": 2,
          "description": "Patient 2 Description 21",
          "visitdate": "2023-03-03T00:03:03"
        },
        {
          "id": 6,
          "patientList": 2,
          "description": "Patient 2 Description 31",
          "visitdate": "2025-05-15T20:43:07"
        }
      ]
    },
    {
      "id": "3",
      "name": "A3  Patient Name",
      "age": 13,
      "address": "13 CC",
      "createdon": "1990-02-02T00:01:01",
      "defuncton": "1990-02-02T00:02:02",
      "medicalhistoryList": [
        {
          "id": 8,
          "patientList": 3,
          "description": "Patient 3 Description 31",
          "visitdate": "2000-03-03T01:00:00"
        },
        {
          "id": 9,
          "patientList": 3,
          "description": "Patient 3 Description 32",
          "visitdate": "2004-04-04T04:04:04"
        },
        {
          "id": 10,
          "patientList": 3,
          "description": "Patient 3 Description 33",
          "visitdate": "2005-05-05T05:05:05"
        }
      ]
    },
    {
      "id": "4",
      "name": "A4 Patient Name",
      "age": 14,
      "address": "14 A4 Address",
      "createdon": "1999-01-01T01:03:01",
      "defuncton": "2099-02-02T01:03:02",
      "medicalhistoryList": []
    }
  ]
}