{
  "medhistory": [
    {
      "id": "1",
      "description": "aaa",
      "visitdate": "aaa",
      "pid": "Female"   
    },
    {
      "id": "2",
      "description": "Fonzie",
      "visitdate": "Coggen",
      "pid": "Female"
    },
    {
      "id": "3",
      "description": "Shell",
      "visitdate": "Kos",
      "pid": "Female"
    },
    {
      "id": "4",
      "description": "Matthiew",
      "visitdate": "Rasell",
      "pid": "Female"
    },
    {
      "id": "5",
      "description": "Phillipe",
      "visitdate": "Sedgwick",
      "pid": "Female"
    },
    {
      "id": "6",
      "description": "Lammond",
      "visitdate": "Urion",
      "pid": "Male"
    },
    {
      "id": "7",
      "description": "Jeanine",
      "visitdate": "Wicks",
      "pid": "Female"
    },
    {
      "id": "8",
      "description": "Jemimah",
      "visitdate": "Leisk",
      "pid": "Female"
    },
    {
      "id": "9",
      "description": "Rania",
      "visitdate": "Ibeson",
      "pid": "Male"
    },
    {
      "id": "10",
      "description": "Cathleen",
      "visitdate": "Totterdell",
      "pid": "Male"
    },
    {
      "id": "11",
      "description": "Guthrey",
      "visitdate": "Iron",
      "pid": "Female"
    },
    {
      "id": "12",
      "description": "Hale",
      "visitdate": "Sorey",
      "pid": "Male"
    },
    {
      "id": "13",
      "description": "Trey",
      "visitdate": "Yatman",
      "pid": "Female"
    },
    {
      "id": "14",
      "description": "Ermina",
      "visitdate": "Trickey",
      "pid": "Female"
    },
    {
      "id": "15",
      "description": "Valentino",
      "visitdate": "Tabor",
      "pid": "Female"
    },
    {
      "id": "16",
      "description": "Annabela",
      "visitdate": "Joska",
      "pid": "Female"
    },
    {
      "id": "17",
      "description": "Dionis",
      "visitdate": "Karoly",
      "pid": "Female"
    },
    {
      "id": "18",
      "description": "Eleanore",
      "visitdate": "Abbs",
      "pid": "Female"
    },
    {
      "id": "19",
      "description": "Roddy",
      "visitdate": "Bullas",
      "pid": "Female"
    }
  ]
}