{
  "users": [
    {
      "id": 1,
      "first_name": "Siffre",
      "last_name": "Timmes",
      "email": "stimmes0@nasa.gov",
      "gender": "Male"
    },
    {
      "id": 2,
      "first_name": "Fonzie",
      "last_name": "Coggen",
      "email": "fcoggen1@weather.com",
      "gender": "Female"
    },
    {
      "id": 3,
      "first_name": "Shell",
      "last_name": "Kos",
      "email": "skos2@prweb.com",
      "gender": "Female"
    },
    {
      "id": 4,
      "first_name": "Matthiew",
      "last_name": "Rasell",
      "email": "mrasell3@oaic.gov.au",
      "gender": "Female"
    },
    {
      "id": 5,
      "first_name": "Phillipe",
      "last_name": "Sedgwick",
      "email": "psedgwick4@sciencedirect.com",
      "gender": "Female"
    },
    {
      "id": 6,
      "first_name": "Lammond",
      "last_name": "Urion",
      "email": "lurion5@statcounter.com",
      "gender": "Male"
    },
    {
      "id": 7,
      "first_name": "Jeanine",
      "last_name": "Wicks",
      "email": "jwicks6@opera.com",
      "gender": "Female"
    },
    {
      "id": 8,
      "first_name": "Jemimah",
      "last_name": "Leisk",
      "email": "jleisk7@t.co",
      "gender": "Female"
    },
    {
      "id": 9,
      "first_name": "Rania",
      "last_name": "Ibeson",
      "email": "ribeson8@smugmug.com",
      "gender": "Male"
    },
    {
      "id": 10,
      "first_name": "Cathleen",
      "last_name": "Totterdell",
      "email": "ctotterdell9@washingtonpost.com",
      "gender": "Male"
    },
    {
      "id": 11,
      "first_name": "Guthrey",
      "last_name": "Iron",
      "email": "girona@infoseek.co.jp",
      "gender": "Female"
    },
    {
      "id": 12,
      "first_name": "Hale",
      "last_name": "Sorey",
      "email": "hsoreyb@epa.gov",
      "gender": "Male"
    },
    {
      "id": 13,
      "first_name": "Trey",
      "last_name": "Yatman",
      "email": "tyatmanc@amazon.de",
      "gender": "Female"
    },
    {
      "id": 14,
      "first_name": "Ermina",
      "last_name": "Trickey",
      "email": "etrickeyd@sciencedirect.com",
      "gender": "Female"
    },
    {
      "id": 15,
      "first_name": "Valentino",
      "last_name": "Tabor",
      "email": "vtabore@youtu.be",
      "gender": "Female"
    },
    {
      "id": 16,
      "first_name": "Annabela",
      "last_name": "Joska",
      "email": "ajoskaf@fda.gov",
      "gender": "Female"
    },
    {
      "id": 17,
      "first_name": "Dionis",
      "last_name": "Karoly",
      "email": "dkarolyg@census.gov",
      "gender": "Female"
    },
    {
      "id": 18,
      "first_name": "Eleanore",
      "last_name": "Abbs",
      "email": "eabbsh@gov.uk",
      "gender": "Female"
    },
    {
      "id": 19,
      "first_name": "Roddy",
      "last_name": "Bullas",
      "email": "rbullasi@devhub.com",
      "gender": "Female"
    },
    {
      "id": 20,
      "first_name": "Carline",
      "last_name": "Stanners",
      "email": "cstannersj@newsvine.com",
      "gender": "Male"
    },
    {
      "id": 21,
      "first_name": "Rayner",
      "last_name": "McGloin",
      "email": "rmcgloink@businessinsider.com",
      "gender": "Male"
    },
    {
      "id": 22,
      "first_name": "Leoine",
      "last_name": "Abele",
      "email": "labelel@yellowbook.com",
      "gender": "Male"
    },
    {
      "id": 23,
      "first_name": "Eryn",
      "last_name": "Feragh",
      "email": "eferaghm@china.com.cn",
      "gender": "Female"
    },
    {
      "id": 24,
      "first_name": "Jocko",
      "last_name": "Sansam",
      "email": "jsansamn@sciencedaily.com",
      "gender": "Female"
    },
    {
      "id": 25,
      "first_name": "Free",
      "last_name": "Pimblott",
      "email": "fpimblotto@yale.edu",
      "gender": "Female"
    },
    {
      "id": 26,
      "first_name": "Kalila",
      "last_name": "Mariyushkin",
      "email": "kmariyushkinp@google.nl",
      "gender": "Female"
    },
    {
      "id": 27,
      "first_name": "Natty",
      "last_name": "Juanico",
      "email": "njuanicoq@studiopress.com",
      "gender": "Female"
    },
    {
      "id": 28,
      "first_name": "Nathaniel",
      "last_name": "Henrys",
      "email": "nhenrysr@bluehost.com",
      "gender": "Female"
    },
    {
      "id": 29,
      "first_name": "Kalil",
      "last_name": "Quantick",
      "email": "kquanticks@ox.ac.uk",
      "gender": "Female"
    },
    {
      "id": 30,
      "first_name": "Antony",
      "last_name": "Bubbins",
      "email": "abubbinst@latimes.com",
      "gender": "Male"
    },
    {
      "id": 31,
      "first_name": "Corissa",
      "last_name": "Heaps",
      "email": "cheapsu@cam.ac.uk",
      "gender": "Female"
    },
    {
      "id": 32,
      "first_name": "Lou",
      "last_name": "Hawket",
      "email": "lhawketv@cdbaby.com",
      "gender": "Female"
    },
    {
      "id": 33,
      "first_name": "Tyson",
      "last_name": "Brindley",
      "email": "tbrindleyw@clickbank.net",
      "gender": "Male"
    },
    {
      "id": 34,
      "first_name": "Burnard",
      "last_name": "Gleder",
      "email": "bglederx@netscape.com",
      "gender": "Female"
    },
    {
      "id": 35,
      "first_name": "Eben",
      "last_name": "Crinidge",
      "email": "ecrinidgey@dmoz.org",
      "gender": "Female"
    },
    {
      "id": 36,
      "first_name": "Rahel",
      "last_name": "Fruin",
      "email": "rfruinz@addtoany.com",
      "gender": "Female"
    },
    {
      "id": 37,
      "first_name": "Lewie",
      "last_name": "Slot",
      "email": "lslot10@t.co",
      "gender": "Male"
    },
    {
      "id": 38,
      "first_name": "Erinn",
      "last_name": "Mardlin",
      "email": "emardlin11@taobao.com",
      "gender": "Female"
    },
    {
      "id": 39,
      "first_name": "Ole",
      "last_name": "Brotherick",
      "email": "obrotherick12@macromedia.com",
      "gender": "Female"
    },
    {
      "id": 40,
      "first_name": "Lionel",
      "last_name": "Tuckey",
      "email": "ltuckey13@princeton.edu",
      "gender": "Male"
    },
    {
      "id": 41,
      "first_name": "Alfie",
      "last_name": "Beevis",
      "email": "abeevis14@rambler.ru",
      "gender": "Male"
    },
    {
      "id": 42,
      "first_name": "Whitby",
      "last_name": "Damrell",
      "email": "wdamrell15@i2i.jp",
      "gender": "Female"
    },
    {
      "id": 43,
      "first_name": "Fairleigh",
      "last_name": "Staner",
      "email": "fstaner16@tripod.com",
      "gender": "Female"
    },
    {
      "id": 44,
      "first_name": "Kori",
      "last_name": "Doe",
      "email": "kdoe17@latimes.com",
      "gender": "Male"
    },
    {
      "id": 45,
      "first_name": "Shandie",
      "last_name": "Roseveare",
      "email": "sroseveare18@zimbio.com",
      "gender": "Female"
    },
    {
      "id": 46,
      "first_name": "Maryann",
      "last_name": "Reily",
      "email": "mreily19@domainmarket.com",
      "gender": "Female"
    },
    {
      "id": 47,
      "first_name": "Yuma",
      "last_name": "Vane",
      "email": "yvane1a@nsw.gov.au",
      "gender": "Female"
    },
    {
      "id": 48,
      "first_name": "Celie",
      "last_name": "Kembry",
      "email": "ckembry1b@jalbum.net",
      "gender": "Male"
    },
    {
      "id": 49,
      "first_name": "Sanford",
      "last_name": "Kingerby",
      "email": "skingerby1c@mozilla.com",
      "gender": "Female"
    },
    {
      "id": 50,
      "first_name": "Tad",
      "last_name": "Malden",
      "email": "tmalden1d@comsenz.com",
      "gender": "Male"
    },
    {
      "id": 51,
      "first_name": "Elenore",
      "last_name": "Denekamp",
      "email": "edenekamp1e@latimes.com",
      "gender": "Male"
    },
    {
      "id": 52,
      "first_name": "Aubree",
      "last_name": "Dearnly",
      "email": "adearnly1f@gov.uk",
      "gender": "Male"
    },
    {
      "id": 53,
      "first_name": "Mirelle",
      "last_name": "Teacy",
      "email": "mteacy1g@psu.edu",
      "gender": "Female"
    },
    {
      "id": 54,
      "first_name": "Lib",
      "last_name": "Chippindall",
      "email": "lchippindall1h@senate.gov",
      "gender": "Female"
    },
    {
      "id": 55,
      "first_name": "Bradly",
      "last_name": "Dener",
      "email": "bdener1i@rediff.com",
      "gender": "Female"
    },
    {
      "id": 56,
      "first_name": "Babara",
      "last_name": "Andreolli",
      "email": "bandreolli1j@cbsnews.com",
      "gender": "Male"
    },
    {
      "id": 57,
      "first_name": "Osborne",
      "last_name": "Traise",
      "email": "otraise1k@oracle.com",
      "gender": "Female"
    },
    {
      "id": 58,
      "first_name": "Reynold",
      "last_name": "Donlon",
      "email": "rdonlon1l@photobucket.com",
      "gender": "Female"
    },
    {
      "id": 59,
      "first_name": "Berne",
      "last_name": "Minto",
      "email": "bminto1m@pcworld.com",
      "gender": "Female"
    },
    {
      "id": 60,
      "first_name": "Tymon",
      "last_name": "Eglise",
      "email": "teglise1n@bloomberg.com",
      "gender": "Male"
    },
    {
      "id": 61,
      "first_name": "Tallulah",
      "last_name": "Futcher",
      "email": "tfutcher1o@so-net.ne.jp",
      "gender": "Male"
    },
    {
      "id": 62,
      "first_name": "Deeann",
      "last_name": "Stansbie",
      "email": "dstansbie1p@cyberchimps.com",
      "gender": "Female"
    },
    {
      "id": 63,
      "first_name": "Glory",
      "last_name": "Savin",
      "email": "gsavin1q@vinaora.com",
      "gender": "Female"
    },
    {
      "id": 64,
      "first_name": "Corbet",
      "last_name": "Roffe",
      "email": "croffe1r@youku.com",
      "gender": "Male"
    },
    {
      "id": 65,
      "first_name": "Rhett",
      "last_name": "Shute",
      "email": "rshute1s@addtoany.com",
      "gender": "Female"
    },
    {
      "id": 66,
      "first_name": "Vidovik",
      "last_name": "Albertson",
      "email": "valbertson1t@naver.com",
      "gender": "Female"
    },
    {
      "id": 67,
      "first_name": "Carny",
      "last_name": "Heminsley",
      "email": "cheminsley1u@mit.edu",
      "gender": "Female"
    },
    {
      "id": 68,
      "first_name": "Bernardine",
      "last_name": "Counsell",
      "email": "bcounsell1v@networkadvertising.org",
      "gender": "Female"
    },
    {
      "id": 69,
      "first_name": "Beck",
      "last_name": "Wadge",
      "email": "bwadge1w@sitemeter.com",
      "gender": "Female"
    },
    {
      "id": 70,
      "first_name": "Edik",
      "last_name": "MacKall",
      "email": "emackall1x@reference.com",
      "gender": "Female"
    },
    {
      "id": 71,
      "first_name": "Rikki",
      "last_name": "Blount",
      "email": "rblount1y@google.com.hk",
      "gender": "Male"
    },
    {
      "id": 72,
      "first_name": "Marga",
      "last_name": "Gawthrop",
      "email": "mgawthrop1z@cafepress.com",
      "gender": "Female"
    },
    {
      "id": 73,
      "first_name": "Nina",
      "last_name": "Pippard",
      "email": "npippard20@harvard.edu",
      "gender": "Male"
    },
    {
      "id": 74,
      "first_name": "Perkin",
      "last_name": "Turvie",
      "email": "pturvie21@npr.org",
      "gender": "Female"
    },
    {
      "id": 75,
      "first_name": "Errol",
      "last_name": "Koschek",
      "email": "ekoschek22@narod.ru",
      "gender": "Male"
    },
    {
      "id": 76,
      "first_name": "Alister",
      "last_name": "Heinsius",
      "email": "aheinsius23@mapquest.com",
      "gender": "Male"
    },
    {
      "id": 77,
      "first_name": "Igor",
      "last_name": "Wallentin",
      "email": "iwallentin24@issuu.com",
      "gender": "Female"
    },
    {
      "id": 78,
      "first_name": "Sarine",
      "last_name": "Ottam",
      "email": "sottam25@baidu.com",
      "gender": "Female"
    },
    {
      "id": 79,
      "first_name": "Irvine",
      "last_name": "Beechcraft",
      "email": "ibeechcraft26@rambler.ru",
      "gender": "Male"
    },
    {
      "id": 80,
      "first_name": "Bondon",
      "last_name": "Tulley",
      "email": "btulley27@nasa.gov",
      "gender": "Female"
    },
    {
      "id": 81,
      "first_name": "Aeriela",
      "last_name": "Hurford",
      "email": "ahurford28@nationalgeographic.com",
      "gender": "Male"
    },
    {
      "id": 82,
      "first_name": "Sybil",
      "last_name": "Bagott",
      "email": "sbagott29@skype.com",
      "gender": "Female"
    },
    {
      "id": 83,
      "first_name": "Budd",
      "last_name": "Doeg",
      "email": "bdoeg2a@redcross.org",
      "gender": "Female"
    },
    {
      "id": 84,
      "first_name": "Karlyn",
      "last_name": "McKinnell",
      "email": "kmckinnell2b@upenn.edu",
      "gender": "Male"
    },
    {
      "id": 85,
      "first_name": "Lorianna",
      "last_name": "Piburn",
      "email": "lpiburn2c@stanford.edu",
      "gender": "Female"
    },
    {
      "id": 86,
      "first_name": "Alfi",
      "last_name": "Ferrier",
      "email": "aferrier2d@twitpic.com",
      "gender": "Male"
    },
    {
      "id": 87,
      "first_name": "Cherie",
      "last_name": "Theyer",
      "email": "ctheyer2e@prlog.org",
      "gender": "Male"
    },
    {
      "id": 88,
      "first_name": "Jard",
      "last_name": "Issacov",
      "email": "jissacov2f@vinaora.com",
      "gender": "Male"
    },
    {
      "id": 89,
      "first_name": "Hamilton",
      "last_name": "Lynas",
      "email": "hlynas2g@yahoo.co.jp",
      "gender": "Female"
    },
    {
      "id": 90,
      "first_name": "Nettie",
      "last_name": "Zellner",
      "email": "nzellner2h@nbcnews.com",
      "gender": "Female"
    },
    {
      "id": 91,
      "first_name": "Yasmin",
      "last_name": "Sturridge",
      "email": "ysturridge2i@umich.edu",
      "gender": "Female"
    },
    {
      "id": 92,
      "first_name": "Gino",
      "last_name": "Rawlyns",
      "email": "grawlyns2j@g.co",
      "gender": "Male"
    },
    {
      "id": 93,
      "first_name": "Kaitlin",
      "last_name": "Forstall",
      "email": "kforstall2k@surveymonkey.com",
      "gender": "Female"
    },
    {
      "id": 94,
      "first_name": "Filberto",
      "last_name": "Cocking",
      "email": "fcocking2l@themeforest.net",
      "gender": "Female"
    },
    {
      "id": 95,
      "first_name": "Malchy",
      "last_name": "Eite",
      "email": "meite2m@ehow.com",
      "gender": "Female"
    },
    {
      "id": 96,
      "first_name": "Vonny",
      "last_name": "Antunes",
      "email": "vantunes2n@creativecommons.org",
      "gender": "Female"
    },
    {
      "id": 97,
      "first_name": "Susy",
      "last_name": "Auchterlony",
      "email": "sauchterlony2o@dropbox.com",
      "gender": "Male"
    },
    {
      "id": 98,
      "first_name": "Fredra",
      "last_name": "Pendrey",
      "email": "fpendrey2p@hugedomains.com",
      "gender": "Male"
    },
    {
      "id": 99,
      "first_name": "Eddie",
      "last_name": "Symcock",
      "email": "esymcock2q@amazon.de",
      "gender": "Female"
    },
    {
      "id": 100,
      "first_name": "Jules",
      "last_name": "Petti",
      "email": "jpetti2r@elpais.com",
      "gender": "Male"
    },
    {
      "id": 101,
      "first_name": "Rich",
      "last_name": "Neame",
      "email": "rneame2s@google.pl",
      "gender": "Male"
    },
    {
      "id": 102,
      "first_name": "Tressa",
      "last_name": "Baggaley",
      "email": "tbaggaley2t@cocolog-nifty.com",
      "gender": "Female"
    },
    {
      "id": 103,
      "first_name": "Lauryn",
      "last_name": "Rouse",
      "email": "lrouse2u@pen.io",
      "gender": "Male"
    },
    {
      "id": 104,
      "first_name": "Saunder",
      "last_name": "Holberry",
      "email": "sholberry2v@home.pl",
      "gender": "Male"
    },
    {
      "id": 105,
      "first_name": "Stoddard",
      "last_name": "Leatherborrow",
      "email": "sleatherborrow2w@ehow.com",
      "gender": "Female"
    },
    {
      "id": 106,
      "first_name": "Leah",
      "last_name": "Whittick",
      "email": "lwhittick2x@jimdo.com",
      "gender": "Male"
    },
    {
      "id": 107,
      "first_name": "Liam",
      "last_name": "Brecon",
      "email": "lbrecon2y@seattletimes.com",
      "gender": "Male"
    },
    {
      "id": 108,
      "first_name": "Idalia",
      "last_name": "Shervil",
      "email": "ishervil2z@over-blog.com",
      "gender": "Female"
    },
    {
      "id": 109,
      "first_name": "Farah",
      "last_name": "Van Halen",
      "email": "fvanhalen30@nps.gov",
      "gender": "Female"
    },
    {
      "id": 110,
      "first_name": "Crichton",
      "last_name": "Croal",
      "email": "ccroal31@xing.com",
      "gender": "Female"
    },
    {
      "id": 111,
      "first_name": "Garrard",
      "last_name": "Edgcombe",
      "email": "gedgcombe32@geocities.jp",
      "gender": "Male"
    },
    {
      "id": 112,
      "first_name": "Neale",
      "last_name": "Sheepy",
      "email": "nsheepy33@epa.gov",
      "gender": "Female"
    },
    {
      "id": 113,
      "first_name": "Maren",
      "last_name": "Calverd",
      "email": "mcalverd34@bloomberg.com",
      "gender": "Female"
    },
    {
      "id": 114,
      "first_name": "Lorrin",
      "last_name": "Lorente",
      "email": "llorente35@loc.gov",
      "gender": "Male"
    },
    {
      "id": 115,
      "first_name": "Andonis",
      "last_name": "Matokhnin",
      "email": "amatokhnin36@hatena.ne.jp",
      "gender": "Female"
    },
    {
      "id": 116,
      "first_name": "Blisse",
      "last_name": "Hickin",
      "email": "bhickin37@europa.eu",
      "gender": "Female"
    },
    {
      "id": 117,
      "first_name": "Neal",
      "last_name": "Overell",
      "email": "noverell38@discovery.com",
      "gender": "Female"
    },
    {
      "id": 118,
      "first_name": "Gaspard",
      "last_name": "Rennels",
      "email": "grennels39@dailymotion.com",
      "gender": "Male"
    },
    {
      "id": 119,
      "first_name": "Beverie",
      "last_name": "Bushen",
      "email": "bbushen3a@vistaprint.com",
      "gender": "Female"
    },
    {
      "id": 120,
      "first_name": "Leanor",
      "last_name": "Ravillas",
      "email": "lravillas3b@flavors.me",
      "gender": "Male"
    },
    {
      "id": 121,
      "first_name": "Avigdor",
      "last_name": "Jahncke",
      "email": "ajahncke3c@homestead.com",
      "gender": "Female"
    },
    {
      "id": 122,
      "first_name": "Gawain",
      "last_name": "Schuler",
      "email": "gschuler3d@earthlink.net",
      "gender": "Male"
    },
    {
      "id": 123,
      "first_name": "Karoly",
      "last_name": "Jenkerson",
      "email": "kjenkerson3e@indiegogo.com",
      "gender": "Female"
    },
    {
      "id": 124,
      "first_name": "Smith",
      "last_name": "Andreotti",
      "email": "sandreotti3f@wix.com",
      "gender": "Male"
    },
    {
      "id": 125,
      "first_name": "Correy",
      "last_name": "Britney",
      "email": "cbritney3g@google.nl",
      "gender": "Male"
    },
    {
      "id": 126,
      "first_name": "Lyndsie",
      "last_name": "Adger",
      "email": "ladger3h@booking.com",
      "gender": "Female"
    },
    {
      "id": 127,
      "first_name": "Erda",
      "last_name": "Litel",
      "email": "elitel3i@virginia.edu",
      "gender": "Female"
    },
    {
      "id": 128,
      "first_name": "Penny",
      "last_name": "Lauritsen",
      "email": "plauritsen3j@psu.edu",
      "gender": "Female"
    },
    {
      "id": 129,
      "first_name": "Fernanda",
      "last_name": "Silvers",
      "email": "fsilvers3k@creativecommons.org",
      "gender": "Female"
    },
    {
      "id": 130,
      "first_name": "Pippo",
      "last_name": "Hutchinson",
      "email": "phutchinson3l@spiegel.de",
      "gender": "Female"
    },
    {
      "id": 131,
      "first_name": "Ciro",
      "last_name": "Foxworthy",
      "email": "cfoxworthy3m@vistaprint.com",
      "gender": "Male"
    },
    {
      "id": 132,
      "first_name": "Whitman",
      "last_name": "Bowditch",
      "email": "wbowditch3n@imdb.com",
      "gender": "Female"
    },
    {
      "id": 133,
      "first_name": "Guglielma",
      "last_name": "Strangeways",
      "email": "gstrangeways3o@flavors.me",
      "gender": "Female"
    },
    {
      "id": 134,
      "first_name": "Rodrigo",
      "last_name": "Shord",
      "email": "rshord3p@1688.com",
      "gender": "Female"
    },
    {
      "id": 135,
      "first_name": "Mada",
      "last_name": "Peeter",
      "email": "mpeeter3q@jalbum.net",
      "gender": "Female"
    },
    {
      "id": 136,
      "first_name": "Dalis",
      "last_name": "Plaister",
      "email": "dplaister3r@about.com",
      "gender": "Male"
    },
    {
      "id": 137,
      "first_name": "Shirline",
      "last_name": "Coulbeck",
      "email": "scoulbeck3s@answers.com",
      "gender": "Female"
    },
    {
      "id": 138,
      "first_name": "Kalvin",
      "last_name": "Miell",
      "email": "kmiell3t@yandex.ru",
      "gender": "Male"
    },
    {
      "id": 139,
      "first_name": "Cyrill",
      "last_name": "Hennington",
      "email": "chennington3u@cnbc.com",
      "gender": "Male"
    },
    {
      "id": 140,
      "first_name": "Theressa",
      "last_name": "Kennler",
      "email": "tkennler3v@flavors.me",
      "gender": "Female"
    },
    {
      "id": 141,
      "first_name": "Berton",
      "last_name": "Kerwin",
      "email": "bkerwin3w@cpanel.net",
      "gender": "Male"
    },
    {
      "id": 142,
      "first_name": "Skippy",
      "last_name": "Karp",
      "email": "skarp3x@wordpress.com",
      "gender": "Female"
    },
    {
      "id": 143,
      "first_name": "Casper",
      "last_name": "McKeggie",
      "email": "cmckeggie3y@e-recht24.de",
      "gender": "Male"
    },
    {
      "id": 144,
      "first_name": "Carrie",
      "last_name": "Balloch",
      "email": "cballoch3z@buzzfeed.com",
      "gender": "Female"
    },
    {
      "id": 145,
      "first_name": "Sandye",
      "last_name": "McCumskay",
      "email": "smccumskay40@youku.com",
      "gender": "Female"
    },
    {
      "id": 146,
      "first_name": "Rickey",
      "last_name": "Siggee",
      "email": "rsiggee41@surveymonkey.com",
      "gender": "Male"
    },
    {
      "id": 147,
      "first_name": "Lelia",
      "last_name": "Cheng",
      "email": "lcheng42@cdc.gov",
      "gender": "Male"
    },
    {
      "id": 148,
      "first_name": "Kippar",
      "last_name": "Donnett",
      "email": "kdonnett43@tmall.com",
      "gender": "Female"
    },
    {
      "id": 149,
      "first_name": "Bobbie",
      "last_name": "Sambles",
      "email": "bsambles44@wordpress.org",
      "gender": "Female"
    },
    {
      "id": 150,
      "first_name": "Farrah",
      "last_name": "Oag",
      "email": "foag45@elpais.com",
      "gender": "Female"
    },
    {
      "id": 151,
      "first_name": "Inigo",
      "last_name": "Gronowe",
      "email": "igronowe46@posterous.com",
      "gender": "Female"
    },
    {
      "id": 152,
      "first_name": "Nicolis",
      "last_name": "Sutherden",
      "email": "nsutherden47@nature.com",
      "gender": "Male"
    },
    {
      "id": 153,
      "first_name": "Karna",
      "last_name": "Quarterman",
      "email": "kquarterman48@umich.edu",
      "gender": "Female"
    },
    {
      "id": 154,
      "first_name": "Barret",
      "last_name": "MacFarlane",
      "email": "bmacfarlane49@elpais.com",
      "gender": "Female"
    },
    {
      "id": 155,
      "first_name": "Aili",
      "last_name": "Andrzejowski",
      "email": "aandrzejowski4a@zimbio.com",
      "gender": "Male"
    },
    {
      "id": 156,
      "first_name": "Bevan",
      "last_name": "Rosenhaupt",
      "email": "brosenhaupt4b@amazon.de",
      "gender": "Male"
    },
    {
      "id": 157,
      "first_name": "Paula",
      "last_name": "Shirtliff",
      "email": "pshirtliff4c@phpbb.com",
      "gender": "Female"
    },
    {
      "id": 158,
      "first_name": "Pandora",
      "last_name": "Verring",
      "email": "pverring4d@ted.com",
      "gender": "Male"
    },
    {
      "id": 159,
      "first_name": "Amerigo",
      "last_name": "Bettington",
      "email": "abettington4e@icq.com",
      "gender": "Female"
    },
    {
      "id": 160,
      "first_name": "Pate",
      "last_name": "Bunn",
      "email": "pbunn4f@geocities.jp",
      "gender": "Male"
    },
    {
      "id": 161,
      "first_name": "Noam",
      "last_name": "Winram",
      "email": "nwinram4g@cyberchimps.com",
      "gender": "Male"
    },
    {
      "id": 162,
      "first_name": "Fabian",
      "last_name": "Jerrome",
      "email": "fjerrome4h@wikia.com",
      "gender": "Male"
    },
    {
      "id": 163,
      "first_name": "Magnum",
      "last_name": "Reader",
      "email": "mreader4i@si.edu",
      "gender": "Male"
    },
    {
      "id": 164,
      "first_name": "Eleanora",
      "last_name": "Dekeyser",
      "email": "edekeyser4j@chronoengine.com",
      "gender": "Female"
    },
    {
      "id": 165,
      "first_name": "Rosalind",
      "last_name": "Stolze",
      "email": "rstolze4k@multiply.com",
      "gender": "Male"
    },
    {
      "id": 166,
      "first_name": "Kinny",
      "last_name": "Ambroisin",
      "email": "kambroisin4l@dailymotion.com",
      "gender": "Male"
    },
    {
      "id": 167,
      "first_name": "Dorree",
      "last_name": "Kuschel",
      "email": "dkuschel4m@nymag.com",
      "gender": "Female"
    },
    {
      "id": 168,
      "first_name": "Consuela",
      "last_name": "Gerhold",
      "email": "cgerhold4n@gnu.org",
      "gender": "Male"
    },
    {
      "id": 169,
      "first_name": "Kaylyn",
      "last_name": "Waddington",
      "email": "kwaddington4o@woothemes.com",
      "gender": "Female"
    },
    {
      "id": 170,
      "first_name": "Kordula",
      "last_name": "Taylorson",
      "email": "ktaylorson4p@themeforest.net",
      "gender": "Female"
    },
    {
      "id": 171,
      "first_name": "Ermentrude",
      "last_name": "Seath",
      "email": "eseath4q@spiegel.de",
      "gender": "Male"
    },
    {
      "id": 172,
      "first_name": "Stanleigh",
      "last_name": "Orpin",
      "email": "sorpin4r@miitbeian.gov.cn",
      "gender": "Female"
    },
    {
      "id": 173,
      "first_name": "Fern",
      "last_name": "Reagan",
      "email": "freagan4s@so-net.ne.jp",
      "gender": "Male"
    },
    {
      "id": 174,
      "first_name": "Thorn",
      "last_name": "Kleewein",
      "email": "tkleewein4t@photobucket.com",
      "gender": "Female"
    },
    {
      "id": 175,
      "first_name": "Elianore",
      "last_name": "Threadgold",
      "email": "ethreadgold4u@icio.us",
      "gender": "Female"
    },
    {
      "id": 176,
      "first_name": "Merrill",
      "last_name": "Embra",
      "email": "membra4v@hibu.com",
      "gender": "Female"
    },
    {
      "id": 177,
      "first_name": "Brier",
      "last_name": "Johnsson",
      "email": "bjohnsson4w@tiny.cc",
      "gender": "Male"
    },
    {
      "id": 178,
      "first_name": "Binny",
      "last_name": "Assiter",
      "email": "bassiter4x@unc.edu",
      "gender": "Female"
    },
    {
      "id": 179,
      "first_name": "Emlen",
      "last_name": "Rutland",
      "email": "erutland4y@cpanel.net",
      "gender": "Female"
    },
    {
      "id": 180,
      "first_name": "Lianne",
      "last_name": "Duff",
      "email": "lduff4z@acquirethisname.com",
      "gender": "Female"
    },
    {
      "id": 181,
      "first_name": "Leonanie",
      "last_name": "Diggens",
      "email": "ldiggens50@example.com",
      "gender": "Male"
    },
    {
      "id": 182,
      "first_name": "Maegan",
      "last_name": "Beech",
      "email": "mbeech51@nytimes.com",
      "gender": "Female"
    },
    {
      "id": 183,
      "first_name": "Lothaire",
      "last_name": "Bucktrout",
      "email": "lbucktrout52@nhs.uk",
      "gender": "Female"
    },
    {
      "id": 184,
      "first_name": "Vernice",
      "last_name": "Brandenberg",
      "email": "vbrandenberg53@t-online.de",
      "gender": "Female"
    },
    {
      "id": 185,
      "first_name": "Ophelie",
      "last_name": "Cookney",
      "email": "ocookney54@cisco.com",
      "gender": "Male"
    },
    {
      "id": 186,
      "first_name": "Frasquito",
      "last_name": "Keith",
      "email": "fkeith55@adobe.com",
      "gender": "Female"
    },
    {
      "id": 187,
      "first_name": "Tani",
      "last_name": "Lutas",
      "email": "tlutas56@cbslocal.com",
      "gender": "Female"
    },
    {
      "id": 188,
      "first_name": "Jehu",
      "last_name": "Nanninini",
      "email": "jnanninini57@technorati.com",
      "gender": "Male"
    },
    {
      "id": 189,
      "first_name": "Nessi",
      "last_name": "Gusticke",
      "email": "ngusticke58@ezinearticles.com",
      "gender": "Male"
    },
    {
      "id": 190,
      "first_name": "Letitia",
      "last_name": "Ilott",
      "email": "lilott59@bloglovin.com",
      "gender": "Female"
    },
    {
      "id": 191,
      "first_name": "Gerardo",
      "last_name": "Mortlock",
      "email": "gmortlock5a@dot.gov",
      "gender": "Female"
    },
    {
      "id": 192,
      "first_name": "Jenni",
      "last_name": "Gosnoll",
      "email": "jgosnoll5b@gravatar.com",
      "gender": "Male"
    },
    {
      "id": 193,
      "first_name": "Billie",
      "last_name": "Hiner",
      "email": "bhiner5c@elpais.com",
      "gender": "Male"
    },
    {
      "id": 194,
      "first_name": "Nick",
      "last_name": "Lewer",
      "email": "nlewer5d@skyrock.com",
      "gender": "Female"
    },
    {
      "id": 195,
      "first_name": "Morly",
      "last_name": "Sanchis",
      "email": "msanchis5e@netlog.com",
      "gender": "Male"
    },
    {
      "id": 196,
      "first_name": "Raye",
      "last_name": "Manshaw",
      "email": "rmanshaw5f@dyndns.org",
      "gender": "Male"
    },
    {
      "id": 197,
      "first_name": "Filbert",
      "last_name": "Andriss",
      "email": "fandriss5g@free.fr",
      "gender": "Male"
    },
    {
      "id": 198,
      "first_name": "Ashely",
      "last_name": "Hussey",
      "email": "ahussey5h@ebay.co.uk",
      "gender": "Male"
    },
    {
      "id": 199,
      "first_name": "Alikee",
      "last_name": "Mennell",
      "email": "amennell5i@amazon.co.uk",
      "gender": "Male"
    },
    {
      "id": 200,
      "first_name": "Edvard",
      "last_name": "Maddin",
      "email": "emaddin5j@de.vu",
      "gender": "Female"
    },
    {
      "id": 201,
      "first_name": "Maryanna",
      "last_name": "Calverd",
      "email": "mcalverd5k@omniture.com",
      "gender": "Female"
    },
    {
      "id": 202,
      "first_name": "Revkah",
      "last_name": "Kyle",
      "email": "rkyle5l@163.com",
      "gender": "Female"
    },
    {
      "id": 203,
      "first_name": "Delphinia",
      "last_name": "Geydon",
      "email": "dgeydon5m@google.cn",
      "gender": "Female"
    },
    {
      "id": 204,
      "first_name": "Anallese",
      "last_name": "Hirsthouse",
      "email": "ahirsthouse5n@dailymotion.com",
      "gender": "Male"
    },
    {
      "id": 205,
      "first_name": "Peria",
      "last_name": "Flageul",
      "email": "pflageul5o@ed.gov",
      "gender": "Female"
    },
    {
      "id": 206,
      "first_name": "Tan",
      "last_name": "Gammidge",
      "email": "tgammidge5p@webs.com",
      "gender": "Male"
    },
    {
      "id": 207,
      "first_name": "Alphonse",
      "last_name": "Goom",
      "email": "agoom5q@123-reg.co.uk",
      "gender": "Female"
    },
    {
      "id": 208,
      "first_name": "Rosmunda",
      "last_name": "Romaynes",
      "email": "rromaynes5r@people.com.cn",
      "gender": "Male"
    },
    {
      "id": 209,
      "first_name": "Devlin",
      "last_name": "Galley",
      "email": "dgalley5s@devhub.com",
      "gender": "Male"
    },
    {
      "id": 210,
      "first_name": "Anthea",
      "last_name": "Perrins",
      "email": "aperrins5t@squarespace.com",
      "gender": "Female"
    },
    {
      "id": 211,
      "first_name": "Henri",
      "last_name": "Rontsch",
      "email": "hrontsch5u@nih.gov",
      "gender": "Male"
    },
    {
      "id": 212,
      "first_name": "Camey",
      "last_name": "Quilleash",
      "email": "cquilleash5v@diigo.com",
      "gender": "Female"
    },
    {
      "id": 213,
      "first_name": "Kristina",
      "last_name": "Kiefer",
      "email": "kkiefer5w@hugedomains.com",
      "gender": "Male"
    },
    {
      "id": 214,
      "first_name": "Whitman",
      "last_name": "Cornhill",
      "email": "wcornhill5x@yahoo.com",
      "gender": "Female"
    },
    {
      "id": 215,
      "first_name": "Toby",
      "last_name": "Reuben",
      "email": "treuben5y@vk.com",
      "gender": "Female"
    },
    {
      "id": 216,
      "first_name": "Martainn",
      "last_name": "Massimi",
      "email": "mmassimi5z@exblog.jp",
      "gender": "Male"
    },
    {
      "id": 217,
      "first_name": "Terri",
      "last_name": "Leason",
      "email": "tleason60@cpanel.net",
      "gender": "Male"
    },
    {
      "id": 218,
      "first_name": "Dyanna",
      "last_name": "Ancell",
      "email": "dancell61@php.net",
      "gender": "Male"
    },
    {
      "id": 219,
      "first_name": "Brandais",
      "last_name": "Klus",
      "email": "bklus62@telegraph.co.uk",
      "gender": "Female"
    },
    {
      "id": 220,
      "first_name": "Beth",
      "last_name": "Bault",
      "email": "bbault63@blogger.com",
      "gender": "Male"
    },
    {
      "id": 221,
      "first_name": "Vaughan",
      "last_name": "Radborn",
      "email": "vradborn64@dedecms.com",
      "gender": "Male"
    },
    {
      "id": 222,
      "first_name": "Randie",
      "last_name": "Langran",
      "email": "rlangran65@economist.com",
      "gender": "Female"
    },
    {
      "id": 223,
      "first_name": "Ealasaid",
      "last_name": "Longworthy",
      "email": "elongworthy66@123-reg.co.uk",
      "gender": "Male"
    },
    {
      "id": 224,
      "first_name": "Lauryn",
      "last_name": "Joanaud",
      "email": "ljoanaud67@dagondesign.com",
      "gender": "Female"
    },
    {
      "id": 225,
      "first_name": "Helsa",
      "last_name": "Deavall",
      "email": "hdeavall68@salon.com",
      "gender": "Male"
    },
    {
      "id": 226,
      "first_name": "Adey",
      "last_name": "Taffee",
      "email": "ataffee69@dyndns.org",
      "gender": "Female"
    },
    {
      "id": 227,
      "first_name": "Joseito",
      "last_name": "Heatley",
      "email": "jheatley6a@hugedomains.com",
      "gender": "Male"
    },
    {
      "id": 228,
      "first_name": "Clea",
      "last_name": "McGarvey",
      "email": "cmcgarvey6b@mapquest.com",
      "gender": "Female"
    },
    {
      "id": 229,
      "first_name": "Crissie",
      "last_name": "Grout",
      "email": "cgrout6c@booking.com",
      "gender": "Female"
    },
    {
      "id": 230,
      "first_name": "Dotty",
      "last_name": "Bly",
      "email": "dbly6d@ow.ly",
      "gender": "Female"
    },
    {
      "id": 231,
      "first_name": "Georas",
      "last_name": "MacHoste",
      "email": "gmachoste6e@dion.ne.jp",
      "gender": "Male"
    },
    {
      "id": 232,
      "first_name": "Darin",
      "last_name": "Leavens",
      "email": "dleavens6f@theguardian.com",
      "gender": "Male"
    },
    {
      "id": 233,
      "first_name": "Bertha",
      "last_name": "Kleinstub",
      "email": "bkleinstub6g@free.fr",
      "gender": "Female"
    },
    {
      "id": 234,
      "first_name": "Diarmid",
      "last_name": "Bagniuk",
      "email": "dbagniuk6h@simplemachines.org",
      "gender": "Male"
    },
    {
      "id": 235,
      "first_name": "Millisent",
      "last_name": "Totterdill",
      "email": "mtotterdill6i@mapquest.com",
      "gender": "Female"
    },
    {
      "id": 236,
      "first_name": "Lauree",
      "last_name": "Berni",
      "email": "lberni6j@digg.com",
      "gender": "Male"
    },
    {
      "id": 237,
      "first_name": "Flora",
      "last_name": "Maymond",
      "email": "fmaymond6k@zimbio.com",
      "gender": "Female"
    },
    {
      "id": 238,
      "first_name": "Butch",
      "last_name": "Filippucci",
      "email": "bfilippucci6l@tamu.edu",
      "gender": "Male"
    },
    {
      "id": 239,
      "first_name": "Marvin",
      "last_name": "Pasquale",
      "email": "mpasquale6m@wikispaces.com",
      "gender": "Male"
    },
    {
      "id": 240,
      "first_name": "Rex",
      "last_name": "Derington",
      "email": "rderington6n@google.pl",
      "gender": "Female"
    },
    {
      "id": 241,
      "first_name": "Fiann",
      "last_name": "Loveridge",
      "email": "floveridge6o@ucla.edu",
      "gender": "Male"
    },
    {
      "id": 242,
      "first_name": "Norri",
      "last_name": "Kowalik",
      "email": "nkowalik6p@examiner.com",
      "gender": "Male"
    },
    {
      "id": 243,
      "first_name": "Benny",
      "last_name": "Loyns",
      "email": "bloyns6q@nationalgeographic.com",
      "gender": "Male"
    },
    {
      "id": 244,
      "first_name": "Jaimie",
      "last_name": "Looby",
      "email": "jlooby6r@ihg.com",
      "gender": "Male"
    },
    {
      "id": 245,
      "first_name": "Casey",
      "last_name": "Kiellor",
      "email": "ckiellor6s@adobe.com",
      "gender": "Male"
    },
    {
      "id": 246,
      "first_name": "Glynis",
      "last_name": "Heisler",
      "email": "gheisler6t@instagram.com",
      "gender": "Female"
    },
    {
      "id": 247,
      "first_name": "Barnabas",
      "last_name": "Tampin",
      "email": "btampin6u@com.com",
      "gender": "Male"
    },
    {
      "id": 248,
      "first_name": "Shelba",
      "last_name": "Stillmann",
      "email": "sstillmann6v@taobao.com",
      "gender": "Male"
    },
    {
      "id": 249,
      "first_name": "Rhiamon",
      "last_name": "De Mars",
      "email": "rdemars6w@123-reg.co.uk",
      "gender": "Female"
    },
    {
      "id": 250,
      "first_name": "Lanette",
      "last_name": "Corsor",
      "email": "lcorsor6x@infoseek.co.jp",
      "gender": "Female"
    }
  ]
}
